{
  "version": "1.0.0",
  "platformVersion": "8.0.1",
  "authentication": {
    "type": "basic",
    "test": "$func$1$t$",
    "connectionLabel": "{{username}}"
  },
  "beforeRequest": [],
  "afterResponse": [],
  "resources": {},
  "triggers": {
    "new_product": {
      "key": "new_product",
      "noun": "Product",
      "display": {
        "label": "New Product",
        "description": "Triggers when a new product is created."
      },
      "operation": {
        "canPaginate": true,
        "perform": "$func$2$f$",
        "sample": {
          "id": 1,
          "active": true,
          "name": "Product name",
          "number": "productNumber",
          "version": "1.0",
          "licenseeAutoCreate": true
        },
        "outputFields": [
          {
            "key": "id",
            "label": "id"
          },
          {
            "key": "active",
            "label": "active"
          },
          {
            "key": "name",
            "label": "name"
          },
          {
            "key": "number",
            "label": "number"
          },
          {
            "key": "version",
            "label": "version"
          },
          {
            "key": "licenseeAutoCreate",
            "label": "licenseeAutoCreate"
          }
        ]
      }
    },
    "new_licensee": {
      "key": "new_licensee",
      "noun": "Licensee",
      "display": {
        "label": "New Licensee",
        "description": "Triggers when a new licensee is created."
      },
      "operation": {
        "canPaginate": true,
        "perform": "$func$2$f$",
        "sample": {
          "id": 1,
          "active": true,
          "number": "licenseeNumber"
        },
        "outputFields": [
          {
            "key": "id",
            "label": "id"
          },
          {
            "key": "active",
            "label": "active"
          },
          {
            "key": "number",
            "label": "number"
          }
        ]
      }
    }
  },
  "searches": {
    "find_licensee": {
      "key": "find_licensee",
      "noun": "Licensee",
      "display": {
        "label": "Find a Licensee",
        "description": "Search for Licensee by number."
      },
      "operation": {
        "inputFields": [
          {
            "key": "number",
            "type": "string",
            "label": "Licensee number"
          }
        ],
        "perform": "$func$2$f$",
        "sample": {
          "id": 1,
          "active": true,
          "number": "licenseeNumber"
        },
        "outputFields": [
          {
            "key": "id",
            "label": "id"
          },
          {
            "key": "active",
            "label": "active"
          },
          {
            "key": "number",
            "label": "number"
          }
        ]
      }
    }
  },
  "creates": {
    "create_product": {
      "key": "create_product",
      "noun": "Product",
      "display": {
        "label": "Create Product",
        "description": "Creates a new product."
      },
      "operation": {
        "inputFields": [
          {
            "key": "name",
            "required": true,
            "type": "string"
          },
          {
            "key": "number",
            "required": false,
            "type": "string"
          },
          {
            "key": "active",
            "required": false,
            "type": "boolean"
          },
          {
            "key": "version",
            "required": false,
            "type": "string"
          },
          {
            "key": "licenseeAutoCreate",
            "required": false,
            "type": "boolean"
          }
        ],
        "perform": "$func$2$f$",
        "sample": {
          "id": "P9F6UGCXK",
          "name": "productName",
          "number": "P9F6UGCXK",
          "active": true,
          "version": "1.0",
          "licenseeAutoCreate": true
        },
        "outputFields": [
          {
            "key": "id",
            "label": "ID"
          },
          {
            "key": "name",
            "label": "Name"
          },
          {
            "key": "number",
            "label": "Number"
          },
          {
            "key": "active",
            "label": "Active"
          },
          {
            "key": "version",
            "label": "Version"
          },
          {
            "key": "licenseeAutoCreate",
            "label": "Licensee Auto Create"
          }
        ]
      }
    }
  },
  "searchOrCreates": {}
}